initiation_rate,gene_length,folding_energy_70,folding_energy_80,length of 5prime utr,kozak score,N1,N4,in_frame AUG
0.07395,797,-8.2,-6.5,23,5,4,1,0
0.12524,102,-11.3,-8.6,61,4,4,3,0
0.1667,421,-8,-11.2,51,3,1,3,0
0.08171,566,-4.7,-4.7,16,3,4,1,0
0.02254,1018,-10.9,-10.4,174,4,2,3,0
0.04504,692,-10,-7.4,91,4,4,2,0
0.03654,877,-5.6,-10.7,100,6,4,4,0
0.03289,746,-9.2,-8.3,60,5,3,3,0
0.05081,588,-9,-12.1,245,5,3,2,0
0.15133,224,-4.7,-5.2,80,3,1,4,0
0.03183,819,-5.5,-15.3,230,8,1,1,0
0.0709,180,-7.3,-6.7,105,4,2,1,0
0.08199,335,-5.2,-7.7,57,4,2,1,0
0.08226,467,-9.7,-10.1,211,5,4,1,0
0.08259,328,-10.3,-10.3,27,4,2,3,0
0.05974,506,-8.4,-13.5,55,4,2,1,0
0.04122,850,-9.6,-11.4,56,8,1,4,0
0.07971,384,-5.3,-9.1,51,6,1,1,0
0.24831,676,-6.2,-9.8,82,6,1,1,0
0.07298,535,-11.2,-12.7,72,7,3,1,0
0.07639,373,-9.9,-9.9,26,6,4,4,0
0.05268,561,-10.3,-10.7,142,4,2,3,0
0.05421,630,-10.6,-10.8,84,5,2,3,0
0.06773,418,-12.1,-11.3,58,3,2,3,0
0.09349,669,-4.2,-12.3,44,2,2,2,0
0.08026,1393,-1.8,-10.1,119,5,2,4,0
0.17821,450,-8.9,-6.9,235,6,1,1,0
0.07204,286,-10.3,-10.3,19,7,3,1,0
0.12687,205,-4.6,-11.6,150,6,1,3,0
0.14565,374,-5.5,-5.5,36,7,3,1,0
0.15076,377,-4.9,-4.7,67,5,2,1,0
0.19346,482,-8.3,-5.4,19,7,1,1,0
0.05183,529,-6.6,-8,110,3,4,1,0
0.17089,221,-13.5,-7.9,352,7,2,3,2
0.0373,786,-8.3,-18.5,197,5,4,3,0
0.13477,388,-4.8,-4.1,19,3,2,1,0
0.01545,1128,-8.4,-9.3,37,4,2,4,0
0.01637,1765,-8.2,-12.8,191,7,2,1,3
0.10161,307,-10.4,-13.9,138,6,4,1,0
0.14791,372,-4,-5.8,33,7,3,1,0
0.08334,196,-10,-15.1,41,5,4,3,0
0.06107,808,-6.6,-8.3,36,3,1,2,0
0.11292,224,-7.9,-9.2,29,4,3,1,0
0.05984,548,-4.8,-9.8,385,3,4,1,0
0.08119,202,-8.5,-9.6,36,7,3,1,0
0.09428,380,-5.2,-1.4,21,6,4,1,0
0.10476,761,-5.7,-11.8,42,4,1,3,0
0.11252,180,-5.6,-6.9,34,4,3,1,0
0.02137,1421,-6.6,-13,61,8,4,1,0
0.0229,1011,-4.5,-13.9,54,6,2,2,0
0.0409,295,-9.9,-11.1,108,4,3,1,1
0.01277,829,-8.5,-15.7,347,3,3,2,1
0.03393,971,-12.1,-12.1,20,4,2,4,0
0.05033,272,-12.8,-17.6,196,8,1,4,1
0.07137,427,-6.9,-15.5,39,6,4,1,0
0.07214,285,-6.7,-7.4,510,5,1,1,4
0.14401,192,-5.9,-9.2,50,7,2,1,0
0.21313,468,-5.8,-6.7,37,5,2,4,0
0.23577,107,-3.7,-6.3,31,4,4,2,0
0.04886,394,-13.9,-10.1,23,9,1,3,0
0.09822,202,0,-8.7,118,4,4,1,1
0.10876,342,-7.7,-13.2,51,6,3,1,0
0.24796,284,-1.3,-2.9,40,7,2,1,0
0.51341,141,-13.1,-12.6,22,5,3,3,0
0.02418,522,-7.7,-10.9,80,5,1,2,0
0.05741,401,-5.2,-4.5,50,2,2,1,0
0.06445,675,-10.2,-15.3,151,2,2,2,1
0.0925,675,-9.6,-9.6,34,3,3,3,0
0.11118,207,-7.7,-10.4,38,7,2,1,0
0.19102,162,-5.1,-7.6,36,6,2,1,0
0.03623,2040,-6.1,-9.4,53,3,1,1,0
0.05332,490,-2.7,-11.6,107,6,4,1,0
0.05836,514,-3.8,-17.6,367,6,4,1,0
0.08455,435,-6.6,-15.9,42,8,1,2,0
0.03928,817,-12.6,-17.7,49,5,1,1,0
0.06522,485,-9.5,-12,49,4,1,1,0
0.0945,304,-9.1,-5.35,58,5,4,2,0
0.02375,1095,-10.4,-9.9,14,3,3,2,0
0.06591,424,-10.5,-11.1,40,4,4,1,0
0.01924,1376,-5.2,-10.5,40,2,2,3,0
0.2264,252,-4.3,-4.6,80,8,1,1,0
0.08023,789,-6.9,-18.7,61,4,1,1,0
0.1342,385,-6.3,-6.2,47,7,4,4,0
0.22201,434,-11.7,-8,14,5,3,1,0
0.22764,109,-0.8,-5.2,36,6,2,1,0
0.07444,741,-10.4,-9,116,7,4,1,0
0.08132,270,-6.4,-10.6,66,5,1,3,0
0.08261,947,-10.6,-12.2,50,8,1,1,0
0.08852,588,-8.4,-11.9,60,6,1,1,0
0.09064,268,-8,-9.8,37,3,4,1,0
0.03009,1027,-8.9,-11.9,223,5,2,3,0
0.07909,576,-9.2,-17.4,56,6,2,1,0
0.09302,1036,-11.3,-16.6,55,7,1,3,0
0.04034,706,-9.6,-15.4,146,5,2,1,0
0.04551,1346,-24.7,-10.2,206,6,1,3,0
0.06256,492,-7.9,-8.7,37,6,3,1,0
0.07549,401,-11.9,-23.5,44,5,2,2,0
0.08106,664,-8.4,-12.8,52,6,3,1,0
0.0968,240,-6.4,-6.4,17,3,3,2,0
0.10105,466,-8.1,-7.8,26,7,1,1,0
0.10716,593,-11.6,-7,305,6,2,1,0
0.15858,464,-13.5,-9.6,15,3,2,1,0
0.03543,1656,-11.2,-11.2,39,4,2,3,0
0.03597,400,-10.4,-12.4,114,3,4,3,0
0.03776,663,-9.5,-15,53,6,3,1,0
0.04766,1560,-4.1,-12.9,136,8,1,1,0
0.05913,650,-6.2,-14.9,64,5,3,1,0
0.18859,262,-7.6,-7.6,33,6,4,1,0
0.01573,1563,-6.5,-10.4,71,7,2,2,0
0.02107,1230,-10,-15.5,102,6,2,1,0
0.05065,413,-12.5,-12.5,19,3,2,3,0
0.09892,222,-10.9,-4.9,15,3,2,1,0
0.10165,333,-16.6,-7.6,186,4,2,1,0
0.13215,170,-9.6,-11,39,6,4,1,0
0.15262,153,-8.4,-9.7,59,5,3,1,0
0.04003,759,-3.8,-6.8,72,6,2,3,0
0.04434,972,-11.2,-10.1,15,5,3,1,0
0.05518,916,-7.1,-9.6,189,5,2,1,0
0.0588,402,-8.4,-15.9,41,4,4,1,0
0.08673,856,-9.9,-10,66,6,2,1,0
0.10473,241,-6.6,-6.5,23,8,2,1,0
0.12533,525,-5.7,-8.2,309,3,2,1,2
0.12894,377,-5.2,-8.1,58,7,1,3,0
0.04751,1558,-10.5,-9.3,88,8,2,1,0
0.07502,355,-7.2,-5.8,13,7,1,1,0
0.076,986,-10.9,-12.6,164,5,3,1,0
0.09044,428,-6.7,-8.9,35,5,2,2,0
0.10497,287,-10.9,-12.7,50,9,2,1,0
0.10742,483,-8,-8,33,6,1,3,0
0.11053,328,-2.6,-10.2,70,6,1,1,0
0.03346,863,-14.4,-9.7,93,1,4,2,0
0.07014,1158,-5.2,-8.9,49,5,1,4,0
0.07183,225,-5.8,-8.4,147,5,2,4,0
0.07688,433,-10.8,-8.8,17,6,1,1,0
0.0914,319,-15.3,-8.9,271,6,2,1,0
0.25037,257,-9.1,-9.1,25,7,3,1,0
0.03651,675,-12.9,-7.4,142,7,3,3,0
0.06365,514,-11.2,-8.5,61,4,1,2,0
0.07374,716,-8.2,-11.1,35,2,2,1,0
0.12064,236,-10.4,-12.1,52,5,3,3,0
0.18691,564,-6.1,-6.1,32,9,1,1,0
0.03743,390,-15.1,-15.1,34,6,1,1,0
0.04853,694,-10.1,-10.1,22,4,2,1,0
0.05147,1484,-8.8,-9.3,116,6,4,1,0
0.05722,503,-7.2,-18.9,50,3,1,1,0
0.08556,451,-10.2,-8.7,197,6,1,3,1
0.08705,434,-10.4,-12.9,33,5,3,1,0
0.08968,428,-17.5,-18.8,46,5,3,1,0
0.10392,347,-4.8,-9.1,33,3,2,4,0
0.03506,1380,-10.6,-16.5,492,6,1,1,2
0.04939,514,-12.7,-13.8,28,6,1,1,0
0.10902,290,-12.2,-12.2,24,5,4,1,0
0.26112,249,-4.2,-4.2,31,7,4,1,0
0.04097,1273,-10.2,-12.2,108,6,1,3,0
0.0427,1519,-10.1,-8.1,270,6,4,3,0
0.11325,350,-11.9,-14.6,55,6,2,1,0
0.11621,616,-10.3,-7.2,83,8,1,1,0
0.11739,574,-10.9,-13.1,54,6,4,1,0
0.1258,411,-8.3,-14.6,49,7,1,3,0
0.05337,855,-8.9,-14.8,65,4,3,1,0
0.13495,555,-7.2,-10.9,43,6,2,1,0
0.13502,524,-12.8,-10.1,109,6,1,3,0
0.14962,220,-4.6,-6.2,143,5,2,1,0
0.16079,205,-1.1,0,13,4,2,1,0
0.22313,252,-12.1,-4.9,340,9,1,1,1
0.02736,943,-10,-8.6,75,3,1,2,0
0.05367,825,-5.3,-12.2,86,3,2,3,0
0.05938,195,-15.3,-12.3,14,5,3,1,0
0.0625,826,-12.5,-17,64,3,3,1,0
0.08458,207,-6,-6,31,3,4,3,0
0.1176,247,-5.2,-11.2,102,8,3,1,0
0.05729,445,-12,-20.3,276,5,2,2,3
0.06409,243,-8,-11,35,3,1,3,0
0.07285,336,-7.9,-12.9,54,3,3,3,0
0.08402,477,-6.1,-10.1,37,4,4,3,0
0.10067,606,-3.7,-12.3,70,4,1,4,0
0.13349,288,-5.1,-9.5,87,5,1,1,0
0.1401,528,-16.7,-12.8,682,5,3,1,2
0.19363,253,-6.1,-6.1,21,8,1,3,0
0.33815,134,-0.7,-3.7,45,4,2,1,0
0.01614,623,-7.3,-11.5,89,3,3,2,0
0.03799,377,-6.3,-8.5,48,5,1,1,0
0.06116,528,-3.7,-7.4,38,5,1,3,0
0.10675,474,-5.4,-13,255,3,2,1,2
0.03142,872,-9.2,-11.7,38,6,2,1,0
0.04958,780,-7.9,-3.8,149,3,3,2,0
0.06363,389,-10.2,-17,72,8,4,1,0
0.09164,433,-18.3,-8.9,125,3,4,3,0
0.12858,361,-5.8,-5.4,20,7,1,3,0
0.39242,132,-13.3,-12.4,42,3,2,1,0
0.0267,1094,-12.7,-12.7,28,3,4,1,0
0.06314,493,-10.9,-10.9,21,5,4,4,0
0.09466,346,-1.2,-1.2,29,7,2,1,0
0.01448,1933,-7.3,-14.5,116,6,1,1,0
0.02249,1308,-7.3,-7,185,5,3,1,2
0.0257,547,-7.6,-9,31,5,3,1,0
0.04825,292,-9,-7.6,20,7,4,1,0
0.05135,437,-11.1,-8.8,25,6,2,3,0
0.07413,441,-8,-10.7,97,6,1,1,0
0.08468,202,-7.9,-7.3,44,2,3,3,0
0.11884,409,-6.6,-10.7,61,5,3,1,0
0.1213,965,-8.6,-8.6,26,7,1,1,0
0.30508,142,-3.5,-7.9,59,6,4,3,0
0.04899,765,-8.2,-17.1,66,7,1,1,0
0.07836,423,-10.9,-16.1,76,5,3,1,0
0.08794,218,-13.6,-13,23,4,2,3,0
0.09366,297,-8,-8,22,3,3,1,0
0.1158,210,-3,-3,17,4,2,1,0
0.13836,201,-8.5,-8.5,27,6,3,1,0
0.1596,239,-3.6,-13.3,100,6,3,1,0
0.19475,138,-5.1,-5.5,31,7,3,1,0
0.19677,384,-3,-4.6,35,5,4,1,0
0.22536,116,-6.7,-4.1,216,7,1,1,1
0.23607,241,-7.3,-7.3,20,6,1,1,0
0.0328,1083,-0.9,-14.4,77,4,4,1,0
0.05009,449,-12.1,-15.5,51,4,2,4,0
0.06463,624,-12.9,-9,25,6,4,2,0
0.06601,1350,-12.7,-18.7,60,2,2,4,1
0.07231,431,-7.1,-8.4,59,4,2,3,0
0.08199,641,-8.7,-7.7,21,9,1,1,1
0.10371,711,-7.1,-9.6,30,3,3,3,0
0.12369,203,-7.6,-11.2,47,5,2,1,0
0.1295,211,-8.5,-8.5,38,4,2,3,0
0.13591,187,-2.8,-9.8,77,6,4,4,1
0.1551,256,-7.4,-7.4,27,5,4,1,0
0.13042,615,-4.5,-7.2,283,6,1,1,0
0.14496,298,-6.3,-6.3,24,6,1,3,0
0.03844,492,-6.2,-11.3,187,4,2,3,1
0.04472,781,-11.9,-17.6,58,5,4,1,0
0.05623,757,-6.6,-17,173,6,2,3,0
0.06441,647,-11.8,-8.8,60,3,3,1,0
0.08578,255,-7.1,-7.1,33,7,4,1,0
0.09494,298,-7.9,-9.2,32,5,3,1,0
0.10678,422,-11.9,-12.5,33,6,2,1,0
0.27095,349,-2.8,-3,39,7,2,1,0
0.28254,205,-5.9,-5.9,26,4,2,3,0
0.05241,657,-11.5,-18.2,178,7,2,1,1
0.08237,504,-1.5,-13.8,94,4,1,2,0
0.08339,337,-8.2,-10.4,65,3,4,1,0
0.09058,270,-19.6,-17,22,2,4,1,0
0.09774,438,-11.6,-5.7,321,7,4,1,1
0.09848,308,-7.2,-7.2,22,4,3,2,0
0.09947,720,-7.8,-6.5,25,6,1,1,0
0.12448,395,-2.1,-10.2,86,4,2,3,0
0.0275,705,-3.8,-4.8,32,7,1,1,0
0.02825,791,-11,-13.4,145,5,3,1,0
0.03168,765,-9,-9.3,164,3,1,1,3
0.06255,578,-9.4,-9.4,48,6,1,3,0
0.08397,364,-8.2,-8.2,27,4,4,2,0
0.10592,231,-5,-16.3,84,6,1,1,0
0.13446,247,-4.5,-7.4,63,8,1,3,0
0.14149,461,-3.9,-5.1,48,6,2,1,0
0.14374,234,-5.6,-8.2,32,8,2,1,0
0.30296,250,-12.7,-5.4,275,7,1,1,0
0.02016,869,-8.6,-17,135,4,3,4,2
0.06404,484,-12,-16.1,62,3,2,2,0
0.07671,1018,-12.4,-8.8,66,4,4,1,0
0.09866,810,-9.6,-9.7,30,8,1,1,0
0.17471,395,-8.1,-9.2,33,6,3,1,0
0.19368,187,-9.5,-5.2,19,6,2,1,0
0.22618,573,-5.2,-8.5,36,7,2,1,0
0.03771,345,-13.8,-7.3,238,8,4,1,1
0.05422,479,-22.9,-1.8,153,4,2,3,1
0.05906,625,-5.6,-11.3,190,6,1,1,1
0.08101,1057,-5.3,-8.1,92,6,3,1,0
0.19254,127,-8.5,-8.9,91,8,2,1,0
0.26149,245,-13.2,-12.6,54,2,3,3,0
0.01375,1342,-1.7,-16.5,165,5,1,1,0
0.02268,3269,-6.6,-12.8,115,3,1,2,0
0.05663,215,-10.5,-11.4,103,1,4,3,0
0.06749,392,-7.1,-14.1,62,3,2,2,0
0.09952,387,-8,-9.3,64,6,1,1,0
0.09608,362,-12.4,-13.8,34,5,2,1,0
0.12003,248,-8.7,-6.9,75,5,2,1,0
0.12115,664,-9.3,-10.8,125,8,1,1,1
0.13126,594,-7.5,-8.4,28,5,1,1,0
0.13811,523,-5.5,-8.5,39,4,4,3,0
0.04644,571,-7.2,-11.7,71,6,1,1,0
0.10342,367,-8.4,-9.2,41,3,2,1,0
0.11039,273,-3.5,-10.7,80,7,2,1,0
0.15253,194,-12.5,-13.4,60,3,4,2,0
0.19908,189,-11.3,-17,38,7,4,1,0
0.06586,550,-7.1,-12.8,290,3,2,4,2
0.0682,589,-10.4,-12.7,45,6,2,1,0
0.0728,829,-11.3,-16.9,144,2,2,3,0
0.08474,558,-9.1,-9.1,32,3,3,1,0
0.09208,799,-6.3,-7.2,80,7,1,1,0
0.05048,539,-10.1,-11.6,39,4,4,1,0
0.06226,372,-11.4,-16.5,46,5,3,1,0
0.10191,382,-3.7,-12.1,90,6,3,1,0
0.13889,593,-4.5,-5.9,44,8,1,1,0
0.04161,638,-12.1,-12,175,5,4,1,0
0.05528,266,-22.8,-25.1,49,3,2,3,0
0.08867,269,-4.8,-10.1,52,6,1,1,1
0.0904,818,-5,-5,21,6,2,1,0
0.09387,292,-7,-7.7,35,7,2,1,1
0.09734,261,-7.5,-13.4,49,5,2,1,0
0.09793,362,-5.5,-10.5,51,8,1,1,0
0.10328,553,-4.6,-9,65,5,1,1,0
0.12134,317,-8.1,-4.3,156,8,1,1,0
0.13031,233,-14.7,-18.7,78,6,2,1,0
0.13902,225,-6.4,-14.4,150,2,4,2,0
0.14332,275,-5.6,-4,18,5,3,1,0
0.14371,563,-6.2,-6.2,27,4,2,4,0
0.21106,188,-8.1,-13.3,38,6,2,3,0
0.0483,708,-7.8,-12.6,72,2,2,3,0
0.04872,697,-7.1,-7.5,101,7,2,1,0
0.06093,601,-5.3,-10.7,435,4,1,2,0
0.08455,1460,-1.8,-16.6,115,5,3,1,0
0.1035,351,-3,-3.5,46,5,3,1,0
0.13299,634,-8,-8.1,32,8,4,1,0
0.13932,200,-8.9,-7.5,19,8,3,1,0
0.16353,251,-3.8,-2.2,22,5,1,1,0
0.05596,2234,-6,-13.7,545,2,2,1,0
0.06944,882,-7.3,-12,51,3,1,1,0
0.08789,289,-6.7,-11.9,340,7,1,3,2
0.07617,502,-2.4,-2.8,93,4,2,1,1
0.00969,1730,-7.8,-5.4,106,5,3,1,0
0.04944,634,-14.5,-13,72,3,2,1,0
0.06968,205,-6.5,-8.3,226,6,1,4,0
0.07767,323,-8.5,-13.3,122,7,2,1,0
0.07848,1118,-7.4,-10,47,2,3,1,0
0.09974,430,-8.4,-6.3,57,6,2,1,0
0.10351,521,-4.6,-11.2,71,2,3,3,0
0.10575,454,-7.8,-7.8,28,3,3,1,0
0.12304,310,-2.2,-5.6,170,7,1,3,0
0.1542,354,-9.6,-10.6,452,5,1,4,1
0.17885,179,-3.1,-5.4,33,4,4,1,0
0.18754,346,-4.4,-4.4,28,4,1,1,0
0.02697,644,-6.7,-18.6,288,3,2,4,2
0.03567,929,-7.1,-7.1,50,3,2,1,0
0.07523,693,-13.5,-5.6,21,3,3,3,0
0.07582,317,-14.1,-14.1,27,4,2,1,0
0.09401,411,-11.3,-7.1,91,5,2,1,0
0.04699,371,0,-9.1,65,5,1,1,1
0.08606,164,-13.3,-13.3,29,4,4,2,0
0.13627,430,-9.5,-10.4,149,6,1,1,0
0.03079,444,-11.1,-10.5,89,4,3,4,1
0.0346,1121,-4,-8.3,176,4,4,1,0
0.04343,620,-16.5,-8.8,136,6,1,1,0
0.0436,1888,-10,-11.9,31,6,1,1,0
0.05855,603,-12.2,-12.2,57,6,1,4,0
0.07463,585,-14,-11.1,76,4,3,1,0
0.07979,595,-9.7,-7.9,97,7,1,1,0
0.0847,388,-8.9,-9.9,42,2,2,1,0
0.08655,1035,-8.5,-14.6,152,5,3,1,0
0.11795,594,-5.9,-9.1,111,5,2,1,0
0.12888,226,-9.3,-11.7,61,6,2,3,0
0.1754,144,-6.6,-7.7,69,9,1,1,0
0.049,701,-11.6,-11.7,73,4,2,3,0
0.06969,307,-10.3,-7,406,4,2,1,1
0.09184,272,-14.3,-13.1,21,3,4,1,0
0.09594,376,-6.1,-5.7,70,5,3,3,0
0.1011,453,-8.6,-10.2,45,5,1,1,0
0.11603,206,-8.7,-14,60,5,3,1,0
0.12305,588,-10.7,-7.6,25,6,2,1,0
0.12809,348,-3.5,-5.6,39,4,1,1,0
0.13793,1045,-6.3,-13,42,8,2,1,0
0.15707,150,-5.4,-3.5,18,6,2,1,0
0.18822,115,-12.4,-9.9,17,7,1,1,0
0.21225,322,-1.2,-3.9,63,7,1,1,0
0.25824,313,-4.5,-8.2,62,3,2,3,0
0.06052,1009,-7.7,-9.9,422,7,1,1,3
0.08521,544,-7.5,-11.5,127,4,3,1,1
0.08992,855,-8.4,-8.4,28,6,4,1,0
0.12548,303,-13,-13.7,31,5,1,1,0
0.13366,268,-1.6,-3.8,39,6,4,1,0
0.14381,296,-10.5,-6.1,68,3,3,3,0
0.18693,327,-7.2,-7.2,23,5,2,2,0
0.05643,299,-13,-13,27,5,4,3,0
0.08564,1288,-6.7,-8.2,36,6,1,2,0
0.0955,464,-3.6,-8.9,55,6,1,1,0
0.11739,444,-6.9,-6.9,20,7,3,1,0
0.13675,348,-11.2,-12.4,140,7,2,3,1
0.14657,534,-0.7,-12.2,88,6,1,1,0
0.14749,86,-13.5,-4.3,87,5,2,1,0
0.17872,371,-8.9,-12.5,137,5,2,3,0
0.23629,255,-6.7,-6.6,99,7,2,3,0
0.26177,245,-3,-3,24,8,1,1,0
0.03126,646,-13.4,-12.8,85,3,4,1,0
0.06727,313,-13.1,-14.3,66,8,3,1,0
0.10543,354,-8,-6.3,109,6,3,1,0
0.11036,229,-5,-9.5,59,5,1,1,0
0.13103,255,-8.6,-8.6,25,5,2,1,0
0.20098,333,-4.3,-6.6,41,8,1,1,0
0.21771,131,-1.8,-1.7,54,2,2,1,0
0.02621,1038,-6.4,-15.1,380,6,2,1,6
0.06298,725,-8,-8.5,44,6,3,1,0
0.09284,341,-6.5,-10.9,223,7,1,1,0
0.1438,157,-5.3,-3.6,16,8,1,1,0
0.30707,92,-10,-6.7,17,6,1,1,0
0.08448,287,-2.2,-17.6,48,5,3,3,0
0.09387,314,-5.8,-4.6,19,7,1,1,0
0.12596,445,-10.1,-11.3,187,3,2,1,2
0.02723,1512,-11.3,-10.3,155,7,1,1,0
0.05366,1284,-16.6,-10.1,214,8,4,1,0
0.05764,643,-8.7,-8.7,27,9,1,1,0
0.07459,325,-12.7,-12.2,99,5,4,1,0
0.12514,527,-12.2,-6,382,7,4,4,4
0.1287,500,-8.4,-13,83,5,2,1,0
0.29152,245,-2.8,-2.8,29,8,3,1,0
0.0342,558,-1.6,-6.7,322,7,4,1,0
0.04483,561,-7.7,-0.9,69,7,1,1,0
0.0297,979,-13.4,-14.4,40,6,3,1,0
0.03228,915,-9.9,-10,95,5,3,1,0
0.04487,388,-13.2,-13.7,37,4,1,4,0
0.05078,621,-8,-8.6,197,7,1,1,0
0.06018,617,-4.5,-8.6,101,7,1,1,1
0.06426,732,-8.4,-9.3,83,6,1,4,0
0.07562,437,-10.7,-10.7,33,8,1,4,0
0.10686,305,-8.6,-6.2,116,4,1,2,0
0.11046,218,-6.5,-10.3,65,8,4,1,0
0.11958,607,-11.9,-6.9,91,4,3,1,0
0.16568,334,-1.1,-1.1,47,6,1,1,0
0.19916,200,-5.5,-5.5,21,8,2,1,0
0.09276,346,-5.4,-4.7,23,6,4,3,0
0.13535,185,-13,-7.5,52,6,1,1,0
0.15532,237,-3.4,-7.6,41,4,2,1,0
0.21195,353,-5.1,-5.1,57,6,3,3,0
0.25125,363,-7.3,-6.4,17,8,1,3,0
0.06944,927,-7.5,-8.6,88,8,2,1,0
0.09344,366,-8.9,-1.1,90,5,1,3,0
0.10154,368,-2.7,-2.7,27,4,4,1,0
0.10973,424,-10.2,-12.5,125,4,4,4,0
0.1494,185,-4.7,-4,23,5,2,1,0
0.1713,154,-5.1,-1.9,19,5,1,1,0
0.24744,371,-8.2,-3,118,7,2,1,0
0.30779,256,-4.6,-10.1,35,6,1,1,0
0.07017,316,-14.2,-9.4,121,3,3,3,0
0.07028,304,-15.4,-13.1,48,4,1,1,0
0.07603,437,-9.3,-11.9,65,5,1,1,0
0.13041,818,-8.5,-11.5,81,4,1,3,0
0.18053,339,-0.9,-0.9,27,4,3,1,0
0.20089,336,-3.4,-6,42,9,2,1,0
0.04301,850,-10.5,-10.2,25,4,2,3,0
0.06114,640,-5.7,-9.8,217,3,1,1,0
0.14438,410,-2.82,-5.6,196,5,4,1,0
0.17394,170,-13.7,-13.9,143,4,1,3,0
0.17709,144,-7.7,-7.4,20,9,1,1,0
0.21238,240,-0.9,-2.2,48,5,1,1,0
0.25481,192,-4,-3.2,18,3,2,1,0
0.05342,456,-9.8,-9.8,23,4,1,3,0
0.08572,448,-8,-8,24,6,4,1,0
0.10781,245,-7.1,-7.1,27,6,4,1,0
0.12029,188,-7.8,-13,68,2,2,2,0
0.12844,394,-9.2,-11.1,32,6,4,1,0
0.16844,618,-10.5,-15.1,49,2,2,4,0
0.18394,361,-4.6,-8.1,114,7,1,1,0
0.02219,1333,-4.7,-6.5,147,6,2,1,0
0.06271,441,-5.1,-3,11,7,3,1,0
0.09515,345,-4.8,-12.1,87,8,1,3,0
0.10796,529,-11,-12.2,41,7,1,1,0
0.14382,445,-4.3,-9.3,50,7,4,1,0
0.16027,280,-3.6,-3.6,32,6,1,1,0
0.24487,298,-5.8,-5.8,20,6,3,1,0
0.05143,576,-14.1,-14.6,210,5,3,1,2
0.05709,603,-12.3,-14.5,45,4,1,1,0
0.06666,723,-9.1,-8.6,215,7,1,1,0
0.12685,368,-9.2,-6.9,57,6,1,3,0
0.12841,250,-6.9,-6.9,31,7,1,1,0
0.13933,553,-3.9,-6.5,36,5,1,1,0
0.17811,395,-1.8,-1.6,66,8,1,1,0
0.17902,88,-17.2,-6,137,4,1,1,1
0.18172,242,-7.8,-11.5,40,4,1,3,0
0.39879,68,-6.5,-5.6,13,4,3,1,0
0.04419,1836,-15,-8.8,144,7,2,1,0
0.06823,395,-15.9,-15.5,81,1,2,4,0
0.07316,300,-12.4,-5.5,172,8,2,1,0
0.09824,316,-5.6,-12,66,4,1,2,1
0.10313,328,-5.3,-7.5,86,5,4,2,0
0.02582,965,-13.2,-11.9,137,5,3,3,0
0.08039,348,-10.4,-12.2,64,6,1,1,0
0.08222,838,-6.8,-11.4,40,5,3,1,0
0.11627,315,-10.3,-3.8,145,8,1,1,0
0.13023,327,-7.7,-6.2,85,6,4,1,0
0.01567,1929,-10.1,-15.5,250,5,3,1,0
0.04113,709,-13,-13.3,31,5,4,1,0
0.0432,1132,-8.8,-11.6,117,5,2,1,0
0.06207,1452,-10.2,-20.3,53,1,4,2,0
0.08033,1229,-9.8,-10.5,122,5,2,1,0
0.09525,600,-5.7,-10.7,91,5,4,1,0
0.18784,441,-4.9,-5.6,38,7,4,1,0
0.19307,184,-8,-8,24,5,4,1,0
0.02179,980,-7,-13.2,100,3,1,2,0
0.06556,285,-9.9,-17.3,59,2,3,4,0
0.07287,327,-10,-10,29,5,3,1,0
0.07425,431,-15.5,-14.6,42,6,1,3,0
0.09162,159,-6.6,-15.1,99,8,2,1,0
0.12464,174,-3.8,-5.5,95,4,3,2,0
0.13112,118,-8.8,-6.6,23,3,2,2,0
0.14481,326,-5,-11,75,7,1,1,0
0.30952,132,-1,-1,35,7,4,1,0
0.05319,613,-8.8,-8.1,26,4,2,4,0
0.08515,286,-7.3,-7.8,38,3,3,1,0
0.0981,369,-7.8,-9.5,154,3,4,3,4
0.15171,161,-4.4,-4.4,27,7,1,1,0
0.05862,507,-7.9,-13,122,4,1,3,0
0.0737,300,-15.2,-7.9,151,7,1,1,0
0.10927,218,-8.1,-4.6,65,7,4,1,0
0.11299,429,-7,-6.5,143,4,3,1,1
0.13806,596,-14.1,-6.07,187,6,3,1,0
0.02602,1409,-14.1,-15.2,77,7,2,1,0
0.03566,605,-7.8,-8,66,1,4,3,0
0.03926,793,-10.8,-8.3,236,4,4,1,0
0.08627,336,-6.1,-13.6,94,5,1,1,0
0.08954,283,-8,-8,32,4,2,2,0
0.11652,533,-16.1,-9.5,76,5,2,3,0
0.12925,382,-8.6,-5,99,3,2,1,0
0.28916,197,-4.2,-4.2,31,7,2,1,0
0.02324,1429,-7.1,-15,62,5,4,1,0
0.06014,387,-10.3,-10.3,20,7,1,1,0
0.09974,371,-7.6,-4.8,158,7,4,1,0
0.25524,247,-7.7,-7.7,33,7,1,1,0
0.03377,617,-13.1,-11.9,47,4,4,2,0
0.04518,760,-8.5,-14.4,98,5,2,1,0
0.09321,177,-11.5,-11.5,28,3,4,3,0
0.11265,310,-7.9,-10.2,36,5,3,1,0
0.1328,195,-9.4,-9.9,48,7,4,1,0
0.03575,335,-11.3,-7.7,14,3,2,4,0
0.05776,493,-8.9,-8.9,21,3,2,1,0
0.05798,348,-11.1,-11.1,34,3,1,3,0
0.06002,322,-11.4,-17.7,66,6,1,1,0
0.11953,247,-2.5,-5.8,51,5,2,1,0
0.18556,575,-9.1,-14.9,34,5,3,3,0
0.19707,222,0,-2.8,52,7,1,1,0
0.05704,540,-7.1,-14,56,4,2,1,0
0.06507,397,-8.5,-9,37,5,2,1,0
0.1008,281,-6,-6,24,4,3,2,0
0.19155,270,-5.2,-5.2,33,8,1,1,0
0.01852,1227,-3.6,-9.4,294,5,1,1,0
0.04197,329,-13.1,-18.3,36,4,1,4,0
0.04207,786,-10.1,-8.8,47,2,2,3,0
0.05302,1199,-7.6,-12.7,76,7,1,1,2
0.05792,627,-10.5,-7.9,91,5,2,1,0
0.07788,366,-8.7,-10.4,177,6,3,1,0
0.12516,289,-3.7,-6.7,44,4,2,3,0
0.14759,338,-3.8,-8.7,42,7,3,4,0
0.15124,433,-6.6,-6.6,26,4,1,1,0
0.18677,159,-8.6,-8.1,211,3,1,2,2
0.04815,385,-7.5,-6.7,114,3,2,4,2
0.11014,209,-7.3,-9.5,49,6,3,1,0
0.16775,443,-9.6,-9.6,27,5,3,1,0
0.04768,260,-17.6,-17.6,26,2,3,3,0
0.09988,130,-7.3,-7.5,169,9,1,1,0
0.10192,454,-1,-1,33,6,2,1,0
0.10299,249,-8,-12.6,32,6,4,3,0
0.03407,1523,-10.2,-13.9,93,6,3,1,0
0.03637,960,-6.7,-20.2,121,6,4,1,0
0.08783,165,-10.3,-10.5,52,6,3,1,0
0.21603,392,-2.4,-5.4,88,8,1,1,0
0.02442,874,-4.7,-9.3,46,5,2,4,0
0.02648,1081,-17.3,-17.8,236,6,2,1,0
0.04429,532,-8.9,-9.4,245,5,3,1,0
0.07796,592,-1.9,-6.4,38,5,1,2,0
0.12768,535,-5.4,-11.4,97,7,1,1,0
0.18012,568,-5.4,-5.4,32,5,1,1,0
0.05963,1557,-10.9,-10.9,28,6,4,2,0
0.06719,531,-9,-9,49,5,2,1,0
0.06943,714,-9.1,-11.8,41,6,4,1,0
0.08441,215,-9.5,-9.5,36,5,4,4,0
0.09933,694,-13.8,-12.3,139,5,2,1,0
0.10207,383,-5.1,-9,86,3,2,1,0
0.10394,235,-6.7,-11.5,43,6,2,1,0
0.10546,407,-3.8,-3.8,30,6,1,3,0
0.11338,241,-12.4,-15.4,61,7,4,1,0
0.1378,424,-9.9,-9.9,29,3,2,3,0
0.19041,186,-9,-9.4,51,6,2,1,0
0.04609,640,-7.1,-6.5,64,6,3,1,0
0.06074,573,-12.4,-11.6,126,6,4,2,0
0.0734,1042,-2.9,-4.8,33,5,1,1,0
0.07709,581,-7.7,-9.6,51,4,2,1,0
0.08804,509,-10.5,-10.5,27,5,2,1,0
0.17151,147,-6.5,-6.5,23,8,2,1,0
0.18063,394,-7.6,-6.8,113,6,2,1,0
0.19651,438,-3.8,-3.8,31,7,1,1,0
0.04473,1074,-5.4,-9,190,7,2,1,0
0.05468,842,-4.7,-2.5,18,6,3,1,0
0.06525,301,-7.1,-11.2,99,4,2,1,0
0.09224,293,-11.4,-8,143,8,1,1,0
0.17658,222,-4.8,-4.8,23,6,2,1,0
0.21414,542,-6.1,-12.7,40,10,1,1,0
0.25867,388,-3.3,-3.3,24,6,2,1,0
0.07994,1055,-9.9,-4,171,7,1,2,0
0.1172,458,-10,-7.5,685,7,4,1,2
0.15984,614,-8.3,-7.8,24,6,2,1,0
0.20498,490,-5.8,-11.3,78,9,1,1,0
0.21231,149,-4.8,-3.9,210,9,1,1,0
0.08936,494,-10.4,-9.6,82,4,3,1,0
0.14016,535,-9.3,-9.2,26,6,3,1,0
0.15799,148,-6.7,-9.2,108,5,2,1,0
0.02021,797,-20.6,-18.3,206,6,1,1,1
0.02759,443,-12.8,-22.5,66,3,1,2,0
0.03373,358,-13.2,-10.6,217,6,2,1,5
0.06885,580,-8.9,-8.9,26,4,2,1,0
0.12441,636,-7.5,-2.5,109,4,2,1,0
0.18654,459,-5.1,-5.7,33,7,2,1,0
0.01856,690,-8.1,-14.8,151,5,1,1,0
0.02444,1529,-7.8,-8,333,5,2,3,0
0.04784,486,-13.3,-15.9,256,6,2,4,1
0.14716,112,-9.4,-7.1,15,4,1,1,0
0.17108,192,-13.5,-11.3,160,6,2,4,1
0.06571,286,-10.3,-6.8,187,6,1,1,0
0.08555,172,-11.1,-4.5,194,5,4,1,0
0.09271,284,-10,-6.8,121,9,1,1,0
0.16159,185,-8.8,-8.8,27,3,2,3,0
0.03671,772,-3.7,-16.9,115,5,1,2,0
0.05353,770,-6.4,-12.2,127,7,3,1,0
0.07778,570,-5.6,-5,60,6,4,1,0
0.08459,1036,-10.7,-10.2,94,3,3,1,0
0.09222,1098,-6.6,-12,82,5,1,3,0
0.11227,212,-4.3,-10.2,139,6,1,1,0
0.24549,154,-1.4,-4.9,40,8,3,1,1
0.05295,633,-17.4,-11.3,163,5,1,3,0
0.08622,285,-17,-13.6,214,6,1,3,0
0.09244,607,-8,-8,23,4,4,1,0
0.13374,207,-9.1,-10.1,28,7,3,1,0
0.17202,212,-8.9,-8.4,23,5,1,1,0
0.21696,237,-4.6,-8.5,73,6,1,1,0
0.04778,577,-11.9,-15,69,4,2,1,0
0.0991,355,-7.2,-9.9,209,6,4,4,0
0.13059,543,-5.8,-5.1,194,6,1,1,0
0.13958,178,-3.9,-3.9,28,9,1,1,0
0.01608,1149,-10.5,-10.5,36,4,2,1,0
0.03082,808,-8.3,-8.8,89,3,3,1,1
0.07913,497,-15.4,-13.6,65,6,3,2,0
0.10577,643,0,-6.2,55,6,1,1,0
0.11866,182,-9.9,-11.1,31,4,3,1,0
0.17288,226,-3.4,-6.4,37,7,4,1,0
0.20328,295,-7.6,-1.6,112,9,1,1,0
0.08461,354,-8.7,-6.7,90,6,1,1,0
0.08902,428,-6.3,-8,131,5,2,2,0
0.10156,355,-8.6,-14.1,188,1,3,3,0
0.11014,206,-14.1,-8.1,214,9,1,1,3
0.11341,551,-5.7,-11.1,166,5,3,1,1
0.14341,251,-5.7,-5.7,27,2,2,1,0
0.08933,338,-7,-14.3,124,3,3,3,0
0.11382,577,-7.3,-12.7,74,5,2,4,0
0.18232,128,-3.6,-5.8,29,6,2,1,0
0.19802,421,-6.4,-7.1,73,9,1,1,0
0.27403,333,-3.4,-5.4,75,8,1,1,0
0.0084,1209,-6.1,-10.5,45,4,2,4,0
0.05714,315,-6.5,-6.4,171,3,3,1,0
0.06691,214,-10.3,-10.4,116,5,1,1,0
0.07338,665,-13,-9.3,24,5,2,2,0
0.08116,756,-12.3,-12.7,52,4,1,2,0
0.09821,463,-10.2,-9.9,26,6,4,1,0
0.10618,194,-7.6,-7,21,4,2,1,0
0.18557,320,-7.4,-7.4,30,6,2,1,0
0.01845,2168,-5.5,-3.4,63,4,1,3,0
0.02841,1083,-14.6,-14.6,32,4,2,3,0
0.10752,186,-11.3,-15.5,48,3,3,3,1
0.18171,437,-4.1,-7.4,92,7,4,1,0
0.19019,200,-10.4,-8.6,179,7,1,1,0
0.02078,1496,-6,-12.1,394,7,1,1,1
0.04835,317,-9.6,-15.7,147,5,2,1,0
0.06887,598,-6.1,-10.2,183,3,1,3,0
0.07723,437,-5.2,-11.1,40,6,1,1,0
0.101,586,-12.2,-9.5,17,3,3,3,0
0.02262,573,-14.4,-10.2,234,2,2,4,0
0.04452,1637,-9.7,-8.4,104,3,2,4,0
0.04875,729,-7.1,-10.2,196,4,2,1,0
0.07462,376,-10.4,-10.3,269,5,2,1,0
0.0789,292,-3.1,-4.1,35,3,2,4,0
0.08498,413,-12,-16,45,5,2,1,0
0.09328,381,-5.4,-6.5,33,4,2,1,0
0.09678,495,-9.4,-6,209,5,1,3,0
0.24038,147,-7,-5.5,24,8,1,1,0
0.07428,1278,-11.6,-12.6,125,5,1,2,0
0.07494,797,-17.9,-21.9,43,5,4,3,0
0.07903,408,-13.8,-13.1,25,4,2,3,0
0.11297,619,-4.2,-5.9,42,5,2,3,0
0.12961,151,-9.4,-10.3,62,6,4,1,0
0.15675,180,-3.9,-11.9,63,3,1,1,0
0.25075,126,-12.5,-12.5,30,8,1,1,0
0.03822,474,-2.1,-13.4,85,4,2,1,0
0.04886,659,-9.3,-11.3,47,4,2,1,1
0.08029,374,-13.3,-14.1,142,5,3,1,0
0.11132,300,-16.9,-8.9,88,8,1,1,0
0.14817,237,-7.8,-7.8,31,6,2,1,0
0.20514,329,-2.6,-6.8,45,7,1,1,0
0.21886,539,-3.8,-7,55,8,1,1,0
0.22449,555,-4.1,-4.18,43,7,4,1,0
0.0449,339,-13.3,-11.2,103,8,1,1,1
0.04553,744,-16,-13.5,47,5,1,3,0
0.05158,402,-14.2,-12.7,353,2,2,4,0
0.05187,650,-7.8,-4.6,365,6,2,1,0
0.06078,1620,-11.9,-14.5,88,4,2,4,0
0.06589,270,-8.2,-5.9,803,3,2,2,5
0.02775,634,-4,-9.9,113,5,3,1,0
0.06539,329,-11.2,-10.5,26,4,3,3,0
0.07666,375,-3.8,-7,55,7,1,2,1
0.08094,972,-8.8,-9,53,3,2,1,0
0.09283,313,-3.7,-4.9,46,8,1,1,0
0.03185,762,-2.4,-7.3,388,1,2,3,0
0.04208,838,-3.9,-3,48,6,3,1,0
0.07704,1026,-8,-9.8,82,4,2,3,0
0.06574,550,-11.4,-11.7,271,6,2,1,3
0.14929,280,-7.2,-8.6,33,6,3,1,0
0.06402,294,-10.8,-13.7,64,4,2,2,0
0.08318,255,-7.2,-8.8,50,4,4,1,0
0.12947,397,-3.3,-3,14,8,1,1,0
0.13974,431,-11.7,-10.7,43,4,2,1,0
0.03094,833,-16.2,-7.7,432,5,1,1,0
0.05274,246,-12.7,-10.5,22,5,1,3,0
0.05855,495,-6.9,-16.4,75,5,3,4,0
0.12556,481,-7.4,-7.7,206,6,2,1,0
0.10888,322,-10.5,-14.1,114,7,1,1,0
0.04607,529,-7.2,-7.2,30,3,2,3,0
0.06379,672,-14.8,-8.5,13,7,4,1,0
0.22053,563,-5.1,-4.8,232,7,1,1,0
0.03066,1049,-9.2,-13.7,63,4,2,2,0
0.05093,550,-5.3,-6,265,4,4,2,1
0.06036,441,-13.6,-15,52,5,1,1,0
0.11059,206,-10.6,-10.6,26,6,1,1,0
0.19464,133,-7.5,-7.5,29,6,2,1,0
0.19511,118,-5.9,-3.9,776,3,4,2,6
0.09791,190,-11.2,-10.1,67,7,2,1,0
0.11444,223,-5.5,-10.6,139,4,2,2,0
0.14403,573,-8.9,-18.2,55,5,4,1,0
0.04456,216,-15.2,-13.9,72,4,3,1,0
0.05724,1291,-7.6,-7.6,43,5,2,3,0
0.08008,597,-7.3,-7.3,31,5,1,4,0
0.09808,429,-3.58,-1.6,59,5,3,1,0
0.13656,276,-4.4,-6.5,71,5,3,1,0
0.24243,184,-2.7,-7.6,48,4,2,1,0
0.00524,2223,-7.7,-7.3,15,4,1,2,0
0.06937,285,-7.1,-13.4,41,7,1,1,0
0.08347,361,-7.7,-14.4,63,1,3,2,0
0.14931,112,-0.7,-14.7,237,4,4,2,0
0.15442,204,-7.6,-7.8,47,6,2,2,0
0.1998,168,-10.5,-6.5,158,5,3,1,0
0.2273,178,-8,-7.3,85,5,1,3,0
0.05476,418,-3.5,-11.1,90,6,2,1,0
0.06566,341,-19.7,-10.5,206,7,3,1,1
0.09262,321,-12.5,-4.8,151,7,1,3,0
0.09361,377,-10.6,-11.3,43,8,1,4,0
0.0511,1575,-5.9,-12.8,192,6,4,1,0
0.07853,953,-8.5,-10.5,41,6,1,1,0
0.15522,168,-1.5,-7.2,109,6,1,1,1
0.1905,438,-4.5,-6,39,8,1,1,0
0.02854,865,-5,-8,410,3,2,2,2
0.07689,1478,-12.5,-20.3,228,5,1,1,0
0.02343,508,-5.1,-10.7,160,6,2,1,0
0.03612,1631,-10.3,-14.3,245,4,2,3,0
0.14322,381,-10.8,-10.9,84,4,2,1,0
0.14563,250,-12,-15.4,147,3,4,2,0
0.02991,773,-0.5,-15.1,88,8,1,1,0
0.04283,767,-1.5,-5.8,206,6,3,1,0
0.04688,1680,-4.8,-5.9,55,2,2,2,0
0.13365,394,-12.3,-12.3,23,6,2,1,0
0.22604,255,-1.8,-5.6,64,7,2,1,0
0.11294,483,-7.3,-7.3,33,5,4,1,0
0.20625,140,-18,-23.7,44,2,2,2,0
0.03581,1148,-5.2,-10.9,526,6,2,1,1
0.05923,840,-6.7,-14.7,247,6,4,1,1
0.19955,151,-3.3,-4.7,59,9,1,1,0
0.07245,398,-7.8,-10.9,66,7,1,1,0
0.1755,289,-6.6,-5.5,100,7,1,2,0
0.04181,595,-9.9,-7.8,118,5,2,1,0
0.33428,78,-2.8,-10.6,60,7,4,1,1
0.03117,916,-10,-13.1,74,5,3,2,0
0.04276,817,-9.3,-9,104,5,4,1,0
0.04989,514,-7.9,-10.7,35,5,1,1,0
0.09039,226,-11.2,-8.9,22,7,4,1,0
0.03542,713,-7.8,-14.1,72,4,2,1,1
0.1472,311,-6.5,-11.7,42,7,1,2,0
0.15457,137,-2,-4.5,69,5,2,1,0
0.04987,374,-20.9,-11.9,15,6,4,1,0
0.05814,217,-13.7,-11.2,112,3,2,4,1
0.17116,458,-7,-5.2,196,7,1,1,0
0.0408,671,-15.9,-16,95,1,4,2,0
0.06198,523,-13.2,-15.2,49,4,3,3,0
0.12317,307,-6.8,-6.8,24,5,3,3,0
0.12724,248,-3.9,-5.5,39,5,1,1,0
0.18165,300,-5.3,-4,166,4,2,1,0
0.03833,835,-9,-14.3,75,4,3,3,0
0.0809,547,-10.3,-8.5,48,6,1,1,0
0.08691,713,-5.6,-5.6,24,7,4,1,0
0.20206,396,-6.9,-7.4,88,7,2,1,0
0.20519,501,-3.9,-3.9,28,9,1,1,0
0.33098,158,-7.9,-12.8,247,4,1,1,0
0.13552,417,-6,-13.2,42,9,1,1,0
0.04287,710,-12.4,-16.8,151,6,1,1,0
0.10925,109,-10,-7.1,20,5,1,3,0
0.12402,974,-8.4,-13.6,140,4,3,4,0
0.14907,184,-7.5,-9.4,97,3,3,3,0
0.15693,348,-6.7,-6.7,27,4,3,3,0
0.14873,500,-3.6,-3.1,72,7,1,1,0
0.09653,182,-18.2,-11.6,187,3,1,3,0
0.10001,277,-11.2,-8.4,116,5,2,1,0
0.04905,246,-5.6,-12.1,62,5,3,1,0
0.09995,432,-5.9,-7.2,31,8,2,1,0
0.12363,178,-10.6,-13.2,34,6,4,4,0
0.26106,81,-10.8,-5.8,107,8,1,1,0
0.04237,2010,-10.7,-9.7,273,5,2,4,0
0.06165,794,-14.5,-11.1,21,4,2,1,0
0.09132,175,-10,-13.8,52,5,1,1,0
0.10878,695,-7.8,-16.3,228,8,1,1,0
0.15678,195,-2.8,-12.2,68,3,3,3,0
0.18409,146,-8.7,-8.7,24,6,1,1,0
0.06047,495,-12.6,-10.1,78,7,1,3,0
0.04709,1036,-11.8,-8.8,261,5,4,1,0
0.11946,198,-5.9,-9.2,62,3,4,2,0
0.0767,520,-12.3,-13.2,107,4,3,2,0
0.09784,379,-7,-7.8,34,3,4,1,0
0.1119,220,-7.8,-8.8,50,4,1,3,1
0.18913,268,-3.3,-4.4,40,8,1,1,0
0.39463,127,-12,-8.8,14,4,3,1,0
0.0385,800,-14.1,-15.5,48,5,1,1,0
0.06423,621,-9.6,-12.6,103,6,1,1,0
0.06607,493,-6.3,-15.1,81,3,4,1,2
0.13176,752,-7.8,-9,53,7,1,1,0
0.3161,104,-7.5,-2.5,56,8,1,1,0
0.03391,641,-7.3,-10.1,86,6,4,3,1
0.05683,555,-14.9,-15,71,3,4,1,0
0.12062,501,-5.8,-7.6,31,8,4,1,0
0.12501,524,-8.8,-8.8,107,6,1,3,0
0.14591,312,-9.3,-11.1,92,3,3,3,0
0.05872,1231,-9.2,-11.9,211,5,4,1,0
0.08493,311,-9,-17,136,5,2,3,1
0.08625,338,-6.9,-6,21,6,1,3,0
0.12179,665,-9.7,-11.5,208,5,1,1,0
0.42412,168,-14.3,-4.7,113,3,3,1,0
0.07675,1018,-8.7,-6.4,53,4,2,2,0
0.15073,343,-4.6,-7.7,78,6,1,1,0
0.1853,395,-3.3,-4.1,39,7,2,1,0
0.24371,76,-5.2,-5.7,34,5,1,4,0
0.10008,225,-7.2,-12.3,89,3,4,1,0
0.07772,476,-9.2,-17.4,53,6,4,1,0
0.04835,557,-15,-15,30,3,3,3,0
0.05833,623,-6.9,-6.9,31,9,1,1,1
0.09575,546,-0.1,-8.7,176,6,4,1,0
0.18316,330,-1.11,-4.9,51,5,1,1,0
0.02547,894,-8.8,-18.8,79,6,2,4,0
0.03363,1357,-9.6,-7.2,368,5,3,3,0
0.07465,394,-6,-7.8,125,5,2,1,0
0.04676,422,-13.6,-14.3,34,3,3,3,1
0.26205,132,-2.7,-2.7,25,6,4,4,0
0.07083,421,-8.7,-7.6,66,8,4,3,0
0.09137,302,-8.5,-8.5,21,5,2,1,0
0.09516,377,-9,-9.2,423,4,4,1,0
0.05699,1175,-9,-12.9,69,5,3,1,0
0.05783,724,-8.5,-10.3,35,3,2,1,0
0.06065,1593,-2.8,-15.6,102,3,4,1,2
0.16714,227,-7.2,-4.3,84,7,2,2,0
0.07836,869,-5.6,-10.3,55,6,2,3,0
0.07229,503,-6.9,-12.8,54,6,2,1,0
0.01468,787,-8.7,-23.6,122,3,2,2,1
0.16624,325,-9.8,-5,78,6,3,1,0
0.01691,1649,-10,-7,63,5,4,1,0
0.09932,655,-6.7,-9.2,140,6,1,1,0
0.12638,599,-8.4,-14.9,136,6,1,1,0
0.05164,377,-0.9,-12.9,101,7,3,1,0
0.13566,683,-12.3,-16.9,39,5,4,1,0
0.2546,115,-4.6,-4.6,19,7,3,1,0
0.01959,619,-8.6,-4.1,196,5,1,4,0
0.07082,487,-14,-13.3,95,5,3,1,0
0.07226,579,-7.5,-13.7,52,4,3,3,0
0.03073,552,-3,-3.4,48,3,2,1,0
0.04075,621,-11.5,-7.8,356,6,1,3,0
0.04716,833,-9.6,-15.7,43,7,1,1,0
0.0843,331,-10.4,-8.5,133,5,3,4,0
0.16029,553,-4.1,-11.4,177,5,4,1,1
0.15085,197,-10.7,-10.2,137,6,2,1,0
0.09272,415,-10,-8.4,17,7,1,1,0
0.15448,262,-9.5,-9.5,35,6,1,4,0
0.18333,165,-10.2,-3.6,19,4,3,4,0
0.04097,1684,-5.7,-13.3,96,5,1,3,0
0.12287,636,-10.7,-8.4,256,4,3,1,1
0.19943,355,-1.7,-5.9,56,5,2,1,0
0.08641,679,-16,-10.4,152,6,1,1,0
0.10401,264,-4.7,-4.7,79,4,1,1,0
0.07461,378,-4.6,-3.1,170,6,1,1,1
0.10353,664,-8.3,-17.5,130,7,4,1,1
0.10853,310,-9.8,-7.2,75,6,1,3,0
0.15327,188,-8.3,-8.3,23,6,4,1,0
0.01367,1041,-8.9,-7.3,322,6,1,1,0
0.13363,291,-6.7,-4,79,6,1,3,0
0.13671,551,-14.3,-10.5,197,7,1,4,0
0.09212,229,-9.7,-7.7,245,4,2,1,0
0.22034,253,-8.5,-9,200,7,1,1,1
0.06043,171,-12.8,-11.4,23,4,3,4,0
0.06457,524,-10.3,-12.7,69,3,2,2,0
0.37989,79,-2.9,-2.9,23,7,3,1,0
0.03811,675,-4.5,-4.5,35,4,1,4,0
0.08578,769,-4,-13.3,65,2,4,3,0
0.09538,732,-6.6,-11.2,117,6,2,1,0
0.08126,295,-7.5,-7.5,31,5,1,1,0
0.09402,707,-5.7,-13.9,71,4,2,1,0
0.43455,60,-5,-7.4,48,6,1,3,0
0.16262,362,-3.2,-7.3,150,5,2,1,0
0.21774,173,-6.1,-8.8,59,7,1,3,0
0.09226,251,-6.3,-15.5,63,3,3,3,0
0.11866,283,-4.2,-11.1,93,5,2,1,1
0.17286,258,-4.6,-7.4,134,4,1,1,0
0.06109,519,-9.2,-16.4,195,5,2,4,0
0.13177,552,-9.2,-16.8,143,3,1,3,0
0.03132,1026,-13.7,-10,114,2,2,3,0
0.09985,432,-11.1,-12,111,2,4,2,0
0.20152,117,-6.2,-6.2,29,3,2,3,0
0.10376,669,-15.8,-17.8,89,6,4,1,1
0.11372,458,-4.5,-9.4,66,5,1,1,0
0.04051,822,-8.9,-8.3,72,3,2,2,0
0.15641,312,-6.3,-8.8,48,7,4,1,0
0.27821,107,-5.8,-7.1,97,6,1,1,0
0.09611,401,-8.9,-6.7,55,5,4,4,0
0.08058,560,-7.4,-8.5,65,5,2,3,0
0.11166,310,-8.9,-8.9,23,5,2,1,0
0.12617,701,-6.9,-8.9,163,7,1,1,0
0.1307,371,0,-8.7,80,7,1,1,0
0.04222,902,-11.6,-8.1,18,3,3,4,0
0.07002,428,-5,-17.5,243,7,1,1,0
0.07181,732,-7.6,-15.4,74,2,3,4,0
0.10933,604,-4.3,-8.2,138,7,2,1,0
0.25456,342,-3.8,-3.9,77,5,2,1,0
0.09026,356,-3.4,-11.2,68,8,1,1,0
0.05928,239,-12.2,-16.8,34,4,4,1,0
0.07865,936,-7.4,-4.4,190,8,1,1,0
0.08807,449,-8.6,-14,43,4,3,1,0
0.14747,628,-10.3,-15.2,39,3,3,4,0
0.07149,315,-7.4,-14.2,196,6,2,1,0
0.09168,232,-20.9,-7.9,155,4,3,1,0
0.12495,326,-6.7,-5.7,269,6,1,3,0
0.03113,914,-12.8,-8,215,6,1,1,0
0.07141,381,-8.3,-12.8,163,4,3,3,0
0.08133,381,-9.2,-16.8,38,8,1,1,0
0.15192,340,-3.1,-5.3,109,3,2,1,0
0.15408,456,-1.8,-9,138,8,1,1,0
0.12877,298,-11.1,-8.8,117,5,1,4,0
0.04332,281,-7.4,-12.4,147,4,3,1,0
0.20804,383,-2.6,-8.3,57,6,3,1,0
0.02035,1143,-5.7,-3.4,526,4,2,1,0
0.05028,1877,-3.6,-10.1,258,3,4,1,0
0.23137,182,-7,-7,23,6,1,1,0
0.04678,292,-11.3,-16.3,40,1,2,3,0
0.12325,482,-14.2,-6.2,158,6,1,1,0
0.07314,308,-8.9,-8.9,29,5,3,1,0
0.07904,1197,-7,-7.9,31,6,4,1,0
0.12934,154,-6.3,-6.5,36,4,2,1,0
0.09783,707,-10.3,-11.4,68,6,1,3,0
0.10416,281,-9.8,-7.9,22,5,1,4,0
0.39878,103,-2.5,-3.9,93,5,1,1,0
0.13602,393,-14.2,-13.6,53,4,3,1,0
0.13968,200,-10.3,-9.7,22,6,1,1,0
0.0284,1133,-8,-11.5,200,5,1,3,0
0.04998,648,-5.9,-12.2,52,6,3,1,0
0.15315,282,-9,-18.1,129,5,1,3,0
0.04761,641,-9.9,-7.5,93,2,3,2,0
0.06977,480,-3.4,-13.3,72,7,1,1,0
0.17272,139,-12.9,-9.1,224,6,1,1,0
0.12571,546,-5.5,-10.2,298,6,1,1,0
0.23006,114,-7.1,-6.5,18,2,1,3,0
0.07037,396,-5,-13.8,68,8,1,3,0
0.08851,294,-8.9,-17.2,72,5,3,1,0
0.18616,400,-2.6,-1.7,21,5,2,1,0
0.06185,378,-8.3,-22.8,164,7,1,1,0
0.07823,1359,-6,-11.9,124,5,1,2,0
0.14235,779,-7.9,-12.1,40,4,2,1,0
0.0197,1139,-14.4,-13.6,57,4,1,1,0
0.1042,721,-7.4,-6.6,284,5,1,4,0
0.07485,882,-5.8,-4.7,23,5,4,1,0
0.10518,220,-10.9,-4.4,87,5,1,2,0
0.0885,327,-10.4,-10.9,105,4,3,1,0
0.13658,763,-10.8,-12.1,51,5,2,2,0
0.15576,112,-3.9,-3.9,36,7,2,1,0
0.085,607,-12.3,-8.7,24,4,1,2,0
0.04155,826,-7.6,-11.9,168,3,2,3,0
0.04657,579,-14,-8.9,22,3,4,1,0
0.05445,623,-6.8,-6.75,290,5,2,1,0
0.30793,414,-0.4,-7.4,55,5,1,1,0
0.04612,519,-9.9,-14.3,119,4,4,1,0
0.06419,290,-9.4,-9.4,22,7,3,1,0
0.07075,664,-1.6,-4.9,46,4,4,1,0
0.12648,609,-5.6,-11.6,74,7,1,1,0
0.04366,1585,-8,-8,29,4,2,1,0
0.07555,394,-7.8,-3.5,21,5,3,1,0
0.02936,932,-12,-14.1,57,7,4,4,0
0.14773,153,-7,-4,216,4,1,4,1
0.0504,376,-13.8,-16.4,167,6,3,4,0
0.06222,243,-4.8,-17.1,80,6,4,1,2
0.10794,305,-9.3,-8.5,72,5,1,1,0
0.18029,339,-3,-4.4,33,4,1,1,0
0.03953,880,-5.5,-11,272,4,3,2,0
0.10241,283,-6.7,-12.3,155,5,2,1,0
0.11264,514,-4.3,-8.8,60,6,1,1,0
0.10291,311,-3.2,-10.3,115,2,3,2,0
0.05964,747,-3.8,-10.8,100,4,3,4,0
0.22413,143,-9.8,-8.7,106,6,1,1,1
0.12098,632,-5.1,-5,26,4,1,3,0
0.16883,345,-1.8,-9.8,315,9,1,1,0
0.18687,166,-3.2,-4.6,66,6,1,4,0
0.07754,233,-11.3,-8.1,125,5,3,1,0
0.03618,366,-10.9,-6.6,102,7,3,1,0
0.04454,972,-3.5,-4.8,80,4,2,4,0
0.44164,125,-7.4,-7.4,34,5,1,1,0
0.17728,216,-13,-8.6,177,6,1,1,0
0.08916,383,-7.8,-10.8,132,7,1,3,0
0.07822,239,-3.37,-4.2,68,5,3,1,0
0.07838,243,-4.5,-8.4,41,6,1,1,0
0.07469,525,-14.1,-9.1,190,6,3,1,0
0.09566,275,-6.6,-8.5,101,2,4,2,0
0.07034,348,-4.7,-7,242,5,2,4,2
0.02238,495,-11.4,-15.1,93,3,3,3,1
0.19782,919,-9.2,-5.6,237,7,1,1,0
0.12353,454,-6,-7.7,153,6,1,4,0
0.05359,313,-5.3,-14.1,52,4,3,2,0
0.08564,396,-12.9,-12.9,37,8,1,1,0
0.08455,748,-2.7,-14.8,72,3,2,2,0
0.1157,543,-10,-10,23,5,3,1,0
0.04153,767,-14.1,-14.8,84,4,1,1,0
0.09612,1034,-3.8,-8.9,52,9,1,1,0
0.12613,352,-6.6,-4.3,123,3,2,1,0
0.03846,1610,-12.9,-12.2,297,3,1,3,2
0.33473,233,-9.4,-11.4,39,4,1,3,0
0.02306,1221,-5.9,-13,226,5,1,4,0
0.04826,587,-6.4,-10.3,82,5,2,3,0
0.0539,606,-10.5,-12.8,48,3,1,3,0
0.08833,205,-4.4,-4.4,22,5,3,1,0
0.15718,605,-6.1,-6.1,21,5,4,1,0
0.05822,410,-13.8,-8.3,15,4,2,4,0
0.06111,497,-8.3,-12.6,59,4,1,3,0
0.14914,445,-12.2,-8.9,43,3,3,1,0
0.08978,582,-6.9,-11.7,49,3,2,1,0
0.09928,498,-5.6,-11.8,182,5,2,1,0
0.03961,258,-10.8,-10,43,3,4,2,0
0.08399,246,-12.6,-12.4,555,6,3,1,5
